Media,Title,Link
동아일보,눈물 흘리는 이상현 여단장…지휘관들 눈물에도 싸늘한 시선,https://n.news.naver.com/article/020/0003603370?ntype=RANKING
동아일보,"“명예도민 부끄럽다, 취소하라”…전국이 ‘부글부글’",https://n.news.naver.com/article/020/0003603325?ntype=RANKING
동아일보,‘김건희 모교’ 명일여고에 탄핵 촉구 대자보 …“부끄럽지 않은 학교를 소망합니다“,https://n.news.naver.com/article/020/0003603384?ntype=RANKING
동아일보,"박선영, 논란 속 진실화해위원장 취임…“탄핵 부결된 지금, 대통령은 윤석열”",https://n.news.naver.com/article/020/0003603388?ntype=RANKING
동아일보,특전사령관 계엄 이틀전 알았다…“尹이 문 부수고 ‘의원 끌어내라’ 지시”,https://n.news.naver.com/article/020/0003603383?ntype=RANKING
KBS,“총 돌려 매고 물러나라고 했다” 고백했던 1공수여단장 ‘눈물’ [현장영상],https://n.news.naver.com/article/056/0011854581?ntype=RANKING
KBS,"[영상] 특전사령관 “윤 대통령, 문 부수고 의원 끄집어내라고 지시”",https://n.news.naver.com/article/056/0011854603?ntype=RANKING
KBS,"경찰, 한덕수·국무위원·국정원장 출석 요구…거부 시 강제수사",https://n.news.naver.com/article/056/0011854600?ntype=RANKING
KBS,윤석열 대통령 모교 충암고 학생들 “시민 분노 공감…비난 멈춰달라”,https://n.news.naver.com/article/056/0011854543?ntype=RANKING
KBS,‘내란 상설특검’ 본회의 통과…‘4.1조 삭감’ 예산안 처리,https://n.news.naver.com/article/056/0011854599?ntype=RANKING
조선비즈,기상캐스터 오요안나 사망… 향년 28세,https://n.news.naver.com/article/366/0001038911?ntype=RANKING
조선비즈,"알트코인, 한때 20% 이상 폭락… 비트코인도 다시 10만 달러 밑으로",https://n.news.naver.com/article/366/0001038701?ntype=RANKING
조선비즈,[비즈톡톡] 계엄령 후폭풍에 주목받는 안랩… 주가 올라도 반갑지 않은 이유는,https://n.news.naver.com/article/366/0001038871?ntype=RANKING
조선비즈,"배현진까지 ""尹 탄핵 표결 참여""… 與 단일대오 무너지나",https://n.news.naver.com/article/366/0001038881?ntype=RANKING
조선비즈,특전사령관 “尹 ‘빨리 문 부수고 의원들 끄집어내라’ 지시”,https://n.news.naver.com/article/366/0001038945?ntype=RANKING
뉴스1,"윤석열 상대 '1인 10만원' 위자료 소송…""19세 이상 누구나 가능""",https://n.news.naver.com/article/421/0007958179?ntype=RANKING
뉴스1,"""이러면 누가 차 사러 오겠어요""…계엄·탄핵정국에 車업계 절망",https://n.news.naver.com/article/421/0007956957?ntype=RANKING
뉴스1,"김레아, 여친 찌르며 ""흐흐흐흐""…모녀 절규 속 웃음소리 녹취 충격",https://n.news.naver.com/article/421/0007959004?ntype=RANKING
뉴스1,"전 세계 외신, 尹대통령 '출국 금지' 보도…""한국 정치 기능 장애 심화""",https://n.news.naver.com/article/421/0007956913?ntype=RANKING
뉴스1,"대통령실, 모든 현안에 침묵…尹, 수사 대비 변호인단 구성하는 듯",https://n.news.naver.com/article/421/0007959413?ntype=RANKING
SBS,[현장] 좁혀오는 수사망…대통령 변호사 선임 준비,https://n.news.naver.com/article/055/0001214059?ntype=RANKING
SBS,"특전사령관 ""문 부수고 의원들 끌어내라, 대통령이 지시""",https://n.news.naver.com/article/055/0001214049?ntype=RANKING
SBS,"[단독] ""며칠 전부터 계엄 논의""…'윤, 내란 공범' 적시",https://n.news.naver.com/article/055/0001214050?ntype=RANKING
SBS,"이재명 ""국민이 동의하겠나""…국민의힘 의원 물밑 설득",https://n.news.naver.com/article/055/0001214065?ntype=RANKING
SBS,"'2월 또는 3월 하야' 국민의힘TF 제안…""정권 헌납"" 반발",https://n.news.naver.com/article/055/0001214064?ntype=RANKING
한겨레21,"“한국 완전 망했다”던 그 교수, 보수로 기운 한국 남성을 말하다",https://n.news.naver.com/article/036/0000050844?ntype=RANKING
한겨레21,[단독] “바보 같은 매입” 해명했던 땅서 2배 차익 냈다,https://n.news.naver.com/article/036/0000050842?ntype=RANKING
한겨레21,전설의 ‘정년이’들이 펼치는 무대,https://n.news.naver.com/article/036/0000050850?ntype=RANKING
한겨레21,“개선 여지 없는 악”에 대한 대답,https://n.news.naver.com/article/036/0000050848?ntype=RANKING
한겨레21,권력은 나누어야 오용되지 않는다,https://n.news.naver.com/article/036/0000050845?ntype=RANKING
JTBC,"""여인형이!"" 손 번쩍 든 방첩사 수사단장…'정치인 체포·구금 지시' 폭로",https://n.news.naver.com/article/437/0000421939?ntype=RANKING
JTBC,"[단독] ""대통령, 빨리 문 부수고 의원들 끄집어내라고""…곽종근 사령관 단독 인터뷰",https://n.news.naver.com/article/437/0000421930?ntype=RANKING
JTBC,'친윤' 가고 '찐윤' 대표 온다?…국힘 '퇴진 시나리오' 갑론을박,https://n.news.naver.com/article/437/0000421918?ntype=RANKING
JTBC,"[단독] ""장병들, 예정된 헌혈 못 한다""…계엄 해제날 '돌연 취소' 왜",https://n.news.naver.com/article/437/0000421937?ntype=RANKING
JTBC,"[단독] 변협 “국회, 연수원 22기 이상으로 특검 알아봐 달라 구두 요청”…내란 특검 속도낼 듯",https://n.news.naver.com/article/437/0000421950?ntype=RANKING
아시아경제,"'직무배제' 윤석열, '월급 2124만원' 17일 그대로 입금되나",https://n.news.naver.com/article/277/0005514987?ntype=RANKING
아시아경제,"충암고 선배 차인표의 소신 발언 ""어른으로서 책임감""",https://n.news.naver.com/article/277/0005514989?ntype=RANKING
아시아경제,"홍준표 ""난파선 생쥐들 혼자 살려고 탈출…제일 먼저 익사할 것""",https://n.news.naver.com/article/277/0005514855?ntype=RANKING
아시아경제,"'차유람 남편' 이지성 작가 ""윤석열 잘했다…남자답고 멋있어""",https://n.news.naver.com/article/277/0005514731?ntype=RANKING
아시아경제,"특전사령관 ""尹이 직접 전화해 문 부수고 의원 끄집어내라 지시""",https://n.news.naver.com/article/277/0005514997?ntype=RANKING
중앙일보,"[단독] 그밤 계엄해제 안 하고…尹, 김용현과 '결심실' 밀실회의",https://n.news.naver.com/article/025/0003406894?ntype=RANKING
중앙일보,"한자 포착되자 ""촛불집회 30% 중국인""…황당 가짜뉴스 판친다",https://n.news.naver.com/article/025/0003406873?ntype=RANKING
중앙일보,"""내란 동조자와 친분, 내 인생 치욕"" 조정훈 손절한 축구선수",https://n.news.naver.com/article/025/0003406848?ntype=RANKING
중앙일보,"'유퀴즈' 기상캐스터 오요안나, 지난 9월 사망…뒤늦게 비보 알려져",https://n.news.naver.com/article/025/0003406835?ntype=RANKING
중앙일보,"차인표 ""공정한 민주국가 물려주길""…전교생 13명 중학교 강연, 왜",https://n.news.naver.com/article/025/0003406840?ntype=RANKING
조선일보,美보험사 CEO 살해범 잡고보니 몸짱에 명문대 졸업…지지자 더 늘었다,https://n.news.naver.com/article/023/0003875607?ntype=RANKING
조선일보,"‘유퀴즈’ 나온 기상캐스터 오요안나, 9월 사망… 비보 뒤늦게 알려져",https://n.news.naver.com/article/023/0003875620?ntype=RANKING
조선일보,"오후 법정 안 나온 이재명, ‘대장동 재판’ 또 공전… 檢 “유감”",https://n.news.naver.com/article/023/0003875626?ntype=RANKING
조선일보,"뮤지컬 男배우 “안영미, 초면에 가슴팍에 손을...가만히 있었다”",https://n.news.naver.com/article/023/0003875641?ntype=RANKING
조선일보,"혼인신고도 못한 아내 두고 산화...故 박갑성 하사, 73년 만에 가족 품으로",https://n.news.naver.com/article/023/0003875619?ntype=RANKING
매일경제,"선우은숙 친언니 “유영재, 내 가슴 비틀고 팬티 바람으로...”",https://n.news.naver.com/article/009/0005411512?ntype=RANKING
매일경제,"국민의힘, 14일 ‘탄핵안 표결’에 집단불참?…분노 여론에 ‘보이콧’ 부담",https://n.news.naver.com/article/009/0005411428?ntype=RANKING
매일경제,"기상캐스터 오요안나, 지난 9월 사망...향년 28세",https://n.news.naver.com/article/009/0005411240?ntype=RANKING
매일경제,[단독] 707특수임무단 대원이 밝힌 그날의 진실...“계엄이 실패한 이유는 항명” [저격],https://n.news.naver.com/article/009/0005411509?ntype=RANKING
매일경제,尹 탄핵 표결 앞두고...김건희 여사 다룬 영화 12일 개봉,https://n.news.naver.com/article/009/0005411173?ntype=RANKING
파이낸셜뉴스,"""살 뺐더니 왕따 시켜""..2년새 무려 76kg 감량한 20대女, 비결은? [헬스톡]",https://n.news.naver.com/article/014/0005279794?ntype=RANKING
파이낸셜뉴스,"KB국민은행, 147억원 규모 금융사고 발생",https://n.news.naver.com/article/014/0005280407?ntype=RANKING
파이낸셜뉴스,"관람차에서 떨어진 소녀, 20m 꼭대기에 대롱대롱 [영상]",https://n.news.naver.com/article/014/0005280397?ntype=RANKING
파이낸셜뉴스,"김이나 ‘좌장면’ '삼일한' 일베 발언 논란에 ""부적절한 단어 사용 죄송"" 공개 사과",https://n.news.naver.com/article/014/0005280155?ntype=RANKING
파이낸셜뉴스,"'2~3월 하야, 4~5월 대선' 국힘發 조기퇴진 윤곽 나왔다",https://n.news.naver.com/article/014/0005280380?ntype=RANKING
한국일보,"김갑수 ""계엄 사태 목소리 안 낸 임영웅, 한국인 자격 없어"" 극단 비판 논란",https://n.news.naver.com/article/469/0000838063?ntype=RANKING
한국일보,"""계엄, 나였어도...의회도 독재자 될 수 있어"" 고대생 실명 대자보 논란",https://n.news.naver.com/article/469/0000838069?ntype=RANKING
한국일보,"""내란 공범이 어딜 감히""... 불법 계엄 이후 국회 찾은 한덕수에 쏟아진 야유",https://n.news.naver.com/article/469/0000838077?ntype=RANKING
한국일보,"특전사령관 ""계엄 이틀 전 알았다... 尹, 국회의원 빨리 끌어내라 지시""",https://n.news.naver.com/article/469/0000838068?ntype=RANKING
한국일보,"[속보] 방첩사 수사단장 ""김용현이 직접 14명 명단 불러줬다고 했다""",https://n.news.naver.com/article/469/0000838061?ntype=RANKING
머니투데이,외제차 타면서 어려운 척 나랏돈 타갔다…이렇게 샌 혈세 '540억',https://n.news.naver.com/article/008/0005126200?ntype=RANKING
머니투데이,"""500만원 선결제 커피 드세요, 코드는 '김민주'""…국회 앞은 '훈훈'",https://n.news.naver.com/article/008/0005126566?ntype=RANKING
머니투데이,"내년 예산 673조원, 4조 깎였다…금투세 폐지·코인 세금 유예",https://n.news.naver.com/article/008/0005126522?ntype=RANKING
머니투데이,"계엄 노리고 '북한과 국지전' 유도했나…""무인기 확인 못 해줘""",https://n.news.naver.com/article/008/0005126367?ntype=RANKING
머니투데이,"특전사령관, 尹 계엄 명령 폭로…""국회 문 부수고 의원 끌어내라""",https://n.news.naver.com/article/008/0005126562?ntype=RANKING
한겨레,[단독] ‘내란’ 윤석열 변호인단에 김홍일 전 방통위원장 등 5~6명 윤곽,https://n.news.naver.com/article/028/0002720922?ntype=RANKING
한겨레,‘친윤’ 결집의 순간 [한겨레 그림판],https://n.news.naver.com/article/028/0002720951?ntype=RANKING
한겨레,한동훈 “탄핵 말고 윤 대통령 권한 뺏을 방법은 없어”,https://n.news.naver.com/article/028/0002720941?ntype=RANKING
한겨레,"‘내란 상설특검’ 국회 통과…더 강한 일반특검, 12일 처리",https://n.news.naver.com/article/028/0002720956?ntype=RANKING
한겨레,"“2월·3월 하야 꺼낸 국힘, 말도 안 돼…국민이 개돼지로 보이나”",https://n.news.naver.com/article/028/0002720954?ntype=RANKING
한국경제,'연습생 출신' 기상캐스터 오요안나 사망…향년 28세,https://n.news.naver.com/article/015/0005068279?ntype=RANKING
한국경제,돈 되는 K시위…이승환 1213만원 기부한 곳 알고보니 [이슈+],https://n.news.naver.com/article/015/0005068448?ntype=RANKING
한국경제,"""은퇴 후에도 걱정 없어요""…5060 사이 인기 폭발한 자격증",https://n.news.naver.com/article/015/0005068318?ntype=RANKING
한국경제,"""당신의 용기에 감사""…'尹 탄핵 찬성' 김상욱에 '응원 화환'",https://n.news.naver.com/article/015/0005068312?ntype=RANKING
한국경제,"""30년 공들였는데 하루아침에""…한류마저도 '계엄 쇼크'",https://n.news.naver.com/article/015/0005068349?ntype=RANKING
MBC,"[단독] 한동훈 ""대통령 권한 못 뺏는 게 맹점‥문서로 尹 약속받자""",https://n.news.naver.com/article/214/0001392697?ntype=RANKING
MBC,"국회 배회하고, 휴게소에서 대기‥'위법명령 거부'로 쿠데타 막았다",https://n.news.naver.com/article/214/0001392676?ntype=RANKING
MBC,"윤 대통령 ""문 부수고 끄집어내"" 지시‥계엄 가담자들은 입도 맞춰",https://n.news.naver.com/article/214/0001392668?ntype=RANKING
MBC,"""체포한 뒤 수방사 B1 벙커에 구금""‥여인형 방첩사령관이 직접 지시",https://n.news.naver.com/article/214/0001392669?ntype=RANKING
MBC,[단독] 직원들 사진 들고 쫓아다녔다‥선관위 침탈 전모,https://n.news.naver.com/article/214/0001392689?ntype=RANKING
서울경제,눈물 보인 1공수여단장…모두 떠난 점심시간에 '홀로',https://n.news.naver.com/article/011/0004425773?ntype=RANKING
서울경제,"초고층 재건축 좋아하다 날벼락…軍 ""대공진지 지어라""",https://n.news.naver.com/article/011/0004425840?ntype=RANKING
서울경제,"""난파선의 생쥐들은 제일 먼저 빠져나가"" 홍준표, '탄핵안 찬성' 국힘 의원들 겨냥했나",https://n.news.naver.com/article/011/0004426027?ntype=RANKING
서울경제,[전문] ‘정부 대변인’ 유인촌 “20명 가까운 탄핵에…정상적 국정운영 어려워”,https://n.news.naver.com/article/011/0004426019?ntype=RANKING
서울경제,"‘내란 동조 말라’ 쪽지 붙인 고교생…경찰, 지문 조회하고 “조사 받아라”",https://n.news.naver.com/article/011/0004426033?ntype=RANKING
YTN,"계엄 이틀 전부터 준비정황...당일 오전엔 ""1개 팀 대기""",https://n.news.naver.com/article/052/0002125910?ntype=RANKING
YTN,"""학교 혐오 멈춰주세요""…폭언 시달리던 충암고 학생들, 결국 입 열었다",https://n.news.naver.com/article/052/0002125756?ntype=RANKING
YTN,"""방첩사령관이 정치인 체포·구금지시""...요원들은 거부",https://n.news.naver.com/article/052/0002125911?ntype=RANKING
YTN,"검찰 ""조지호 경찰청장도 내란공범""...경찰은 소환 조사",https://n.news.naver.com/article/052/0002125915?ntype=RANKING
YTN,국민의힘 사무실 앞은 '못 볼 지경'...문 걸어잠그며 '아수라장' [지금이뉴스],https://n.news.naver.com/article/052/0002125929?ntype=RANKING
국민일보,"“윤, 1인당 10만원 내놔” 정신적 피해 손배소 제기된다",https://n.news.naver.com/article/005/0001744907?ntype=RANKING
국민일보,‘4.1조원 감액’ 野 단독 예산안 본회의 통과… 초유의 일,https://n.news.naver.com/article/005/0001744922?ntype=RANKING
국민일보,‘상속세 인하’ 백지화… 금투세 폐지되고 가상자산 과세 유예,https://n.news.naver.com/article/005/0001744954?ntype=RANKING
국민일보,"[단독] 尹대통령, 비상계엄 변호인 구하는 중…일부는 거절",https://n.news.naver.com/article/005/0001744882?ntype=RANKING
국민일보,연기금 닷새 간 1조 사들였다… 韓증시 계엄 후 첫 반등,https://n.news.naver.com/article/005/0001744951?ntype=RANKING
프레시안,"국민의힘, 이 와중에 집안싸움…""권성동 원내대표 추대"" vs ""부적절""",https://n.news.naver.com/article/002/0002363489?ntype=RANKING
프레시안,"KBS 라디오 진행 고성국 ""尹 '내란수괴' 누명"" 주장에 ""하차하라"" 봇물",https://n.news.naver.com/article/002/0002363490?ntype=RANKING
프레시안,"""'반란 수괴' 尹이 임명한 진화위 위원장 박선영 거부한다""",https://n.news.naver.com/article/002/0002363496?ntype=RANKING
프레시안,"尹, 외교서도 'NO 배제'? 미, '바이든 한국 상대 누구냐' 질문에 ""대통령은 윤석열""",https://n.news.naver.com/article/002/0002363446?ntype=RANKING
프레시안,"""계엄 선포로 마음 상처""…尹대통령에 위자료 소송 원고인단 모집",https://n.news.naver.com/article/002/0002363497?ntype=RANKING
비즈워치,윤석열 '돌발행동'에 두산 지배구조 개편 무산됐다,https://n.news.naver.com/article/648/0000031455?ntype=RANKING
비즈워치,"대한전선, 스웨덴서 1100억 초고압 전력망 수주 '잭팟'",https://n.news.naver.com/article/648/0000031458?ntype=RANKING
비즈워치,"제약사들, 행정처분 받아도 담담했던 이유 살펴보니",https://n.news.naver.com/article/648/0000031459?ntype=RANKING
비즈워치,"[거버넌스워치] LG 막내家 LT 35살 후계자, 알고 보니 벌써 지주사 대표",https://n.news.naver.com/article/648/0000031418?ntype=RANKING
비즈워치,"금감원, 부서장 단 한명 빼고 다 바꿨다…금융시장안정국장만 유임",https://n.news.naver.com/article/648/0000031448?ntype=RANKING
연합뉴스,"與, 14일 '탄핵안 표결' 집단불참 어려울듯…이탈표 확대 가능성(종합)",https://n.news.naver.com/article/001/0015097536?ntype=RANKING
연합뉴스,"""계엄 정당하다"" 국힘 창원시의원 발언에 민주당·민주단체 반발(종합)",https://n.news.naver.com/article/001/0015097279?ntype=RANKING
연합뉴스,"특전사령관 ""윤 대통령, 문 부수고 의원 끄집어내라 지시""(종합)",https://n.news.naver.com/article/001/0015097522?ntype=RANKING
연합뉴스,"""김용현, 계엄 해제 후 휴대폰 3번 교체…증거 인멸""(종합)",https://n.news.naver.com/article/001/0015097589?ntype=RANKING
연합뉴스,"이재명, '비상계엄' 사태 후 첫 재판 출석…질문엔 묵묵부답",https://n.news.naver.com/article/001/0015096447?ntype=RANKING
시사저널,"'탄핵 이탈표' 의식? '尹 3월 하야 로드맵' 띄운 與, 속내는?",https://n.news.naver.com/article/586/0000092909?ntype=RANKING
시사저널,"""김용현, 비상계엄 해제 후 휴대폰 3번 교체…조지호 경찰청장은 2회""",https://n.news.naver.com/article/586/0000092979?ntype=RANKING
시사저널,"국민의힘 원내대표 선거, 親尹권성동·非尹김태호 2파전",https://n.news.naver.com/article/586/0000092980?ntype=RANKING
시사저널,"'탄핵 찬성' 與김상욱에 ""용기 응원한다"" 화환…'배신자' 비난도",https://n.news.naver.com/article/586/0000092978?ntype=RANKING
시사저널,"""문을 부수고 끄집어내라""…특전사령관이 숨긴 대통령의 '두번째 통화'",https://n.news.naver.com/article/586/0000092981?ntype=RANKING
아이뉴스24,"나경원, 민주당에 ""고발, 고발, 고발…이럴 거면 여당의원 다 고발해""",https://n.news.naver.com/article/031/0000892058?ntype=RANKING
아이뉴스24,"묻지마 살인 박대성에 '사형' 구형…피해자母 ""우리 딸 도와달라""",https://n.news.naver.com/article/031/0000892251?ntype=RANKING
아이뉴스24,"""尹, '빨리 문 부수고 들어가 의원 다 끌어내'""[종합]",https://n.news.naver.com/article/031/0000892253?ntype=RANKING
아이뉴스24,"[단독] ""나도 모르게 46억원 털렸다""…A은행 명의도용 사고",https://n.news.naver.com/article/031/0000892231?ntype=RANKING
아이뉴스24,"의원 사무실에 '탄핵안 표결 불참' 항의 쪽지 붙인 고3…경찰, 지문 조회해 전화",https://n.news.naver.com/article/031/0000892114?ntype=RANKING
코리아중앙데일리,"계엄령 해제 뒤 윤 대통령의 침묵… 일정 전면 취소, 실장·수석 사의 표명",https://n.news.naver.com/article/640/0000062767?ntype=RANKING
코리아중앙데일리,"미국 최고 인기의 개 장난감, 램찹을 소개합니다",https://n.news.naver.com/article/640/0000062698?ntype=RANKING
코리아중앙데일리,"DP railroads reduced 2025 budget, Yoon treason investigation bills",https://n.news.naver.com/article/640/0000062790?ntype=RANKING
코리아중앙데일리,Agencies compete for 'insurrection leader' Yoon investigation as defense minister faces arrest,https://n.news.naver.com/article/640/0000062808?ntype=RANKING
코리아중앙데일리,Sci-fi pioneer Bae Myung-hoon wants Korea to embrace the space opera,https://n.news.naver.com/article/640/0000062766?ntype=RANKING
헤럴드경제,"“여보, 사랑해” 세상 떠난 아내가 남긴 마지막 선물",https://n.news.naver.com/article/016/0002399728?ntype=RANKING
헤럴드경제,"조국 “법무장관, 쿠데타 실패 뒤 尹과 술자리…김용현 검찰 자수에 뭔가 있어”",https://n.news.naver.com/article/016/0002400016?ntype=RANKING
헤럴드경제,나경원 “‘이재명 대통령 만들기’만 집중…아예 여당 전원 고발하라”,https://n.news.naver.com/article/016/0002400210?ntype=RANKING
헤럴드경제,"‘유퀴즈’ 기상캐스터 오요안나, 지난 9월 사망…뒤늦게 알려진 비보",https://n.news.naver.com/article/016/0002400161?ntype=RANKING
헤럴드경제,"“내란 동조자 조정훈과 친분, 내 인생 치욕” 지지 철회한 축구선수",https://n.news.naver.com/article/016/0002400288?ntype=RANKING
연합뉴스TV,"[속보] 특전사령관 ""1일 민주당사·국회 등 6곳 확보하란 지시 받아""",https://n.news.naver.com/article/422/0000697487?ntype=RANKING
연합뉴스TV,"특전사령관 ""윤 대통령, 문 부수고 의원 끄집어내라고 지시했다""",https://n.news.naver.com/article/422/0000697488?ntype=RANKING
연합뉴스TV,"상설특검·예산안 본회의 통과…여, 4·5월 조기대선 논의",https://n.news.naver.com/article/422/0000697484?ntype=RANKING
연합뉴스TV,"[단독] 국수본, 경찰 지휘부 수사 본격화…조지호 출석",https://n.news.naver.com/article/422/0000697483?ntype=RANKING
연합뉴스TV,[속보] 예산협상 불발…민주 '4.1조 감액 예산안' 국회 처리,https://n.news.naver.com/article/422/0000697468?ntype=RANKING
이데일리,"""대통령상 부끄럽다""…청사 외벽 현수막 뗀 성동구청장",https://n.news.naver.com/article/018/0005903439?ntype=RANKING
이데일리,"""탄핵 찬성 외친 시의원 어딨나""…군복 남성들 양산시의회 난입",https://n.news.naver.com/article/018/0005903414?ntype=RANKING
이데일리,"특전사령관 ""尹, 국회 문 부수고 의원 끌어내라 지시…이틀 전 계엄 인지""",https://n.news.naver.com/article/018/0005903408?ntype=RANKING
이데일리,"與 선택지, ‘하야 후 내년 봄 대선’ vs ‘탄핵 표결 참여’",https://n.news.naver.com/article/018/0005903400?ntype=RANKING
이데일리,"""'그 분' 건강은 지금 이런 상태""...저속노화 교수 목소리",https://n.news.naver.com/article/018/0005903435?ntype=RANKING
경향신문,"[속보]특전사령관, 비상계엄 선포 전인 12월 1일 계엄 미리 알았다",https://n.news.naver.com/article/032/0003338255?ntype=RANKING
경향신문,"성남 김은혜, 포천 김용태, 이천 송석준…“내란 동조 지역구 의원 부끄럽다” 시민 항의 쇄도",https://n.news.naver.com/article/032/0003338168?ntype=RANKING
경향신문,윤 대통령 ‘무력으로 국회 계엄해제 저지’ 지시…내란 직접 지휘 확인,https://n.news.naver.com/article/032/0003338272?ntype=RANKING
경향신문,"윤 대통령, 변호사 구하는 중···김건희 여사 사건 변호인 접촉",https://n.news.naver.com/article/032/0003338217?ntype=RANKING
경향신문,박근혜 이어 윤석열까지···‘두 번의 탄핵’ 휘말린 엘리트 관료 최상목,https://n.news.naver.com/article/032/0003338203?ntype=RANKING
디지털타임스,"또 `대장동` 오후 재판 불출석한 이재명…검찰 ""공전 유감""",https://n.news.naver.com/article/029/0002921839?ntype=RANKING
디지털타임스,"유인촌, 민주당에 호소 ""치안·법무 장관들 모두 공석돼…자제와 지혜 보여달라""",https://n.news.naver.com/article/029/0002921819?ntype=RANKING
디지털타임스,"나경원 ""추경호가 내란 공범? 아예 국힘 의원 전원을 고발해라""",https://n.news.naver.com/article/029/0002921672?ntype=RANKING
디지털타임스,"""계엄의 `계` 자도 꺼내지 말라""…손님 뚝 끊긴 용리단길, 사장님들 `한숨`",https://n.news.naver.com/article/029/0002921645?ntype=RANKING
디지털타임스,"[`탄핵 불성립` 후폭풍] 계엄령 유탄 맞은 `윤석열표 원전`… 두산, 결국 합병 무산",https://n.news.naver.com/article/029/0002921803?ntype=RANKING
코메디닷컴,"솔비, 15kg빼고 3kg 더 뺀 비결...'이 운동'으로 체중 유지 중?",https://n.news.naver.com/article/296/0000084632?ntype=RANKING
코메디닷컴,라면에 대파 듬뿍 넣어 먹었더니... 몸에 어떤 변화가?,https://n.news.naver.com/article/296/0000084662?ntype=RANKING
코메디닷컴,"“엄마, 죄송해요”... 55세 딸이 병든 부모를 ‘그곳’에? 결정 미루는 이유?",https://n.news.naver.com/article/296/0000084646?ntype=RANKING
코메디닷컴,"임신 20주 손담비, ""이렇게 날씬해?""...꾸준히 '이 운동', 살빼는 데 좋다고?",https://n.news.naver.com/article/296/0000084659?ntype=RANKING
코메디닷컴,"“입으로 대변이 나와?”...5살 얼굴 녹색으로 변하더니, 결국 '이것' 진단",https://n.news.naver.com/article/296/0000084664?ntype=RANKING
서울신문,"‘서울의봄’ 12·12 군사반란 주동자들, 고위급 요직 지내며 천수",https://n.news.naver.com/article/081/0003502391?ntype=RANKING
서울신문,‘서울의 봄’ 45년 만에 ‘서울의 밤’… 혼란 부른 비상계엄의 민낯,https://n.news.naver.com/article/081/0003502394?ntype=RANKING
서울신문,“작전 대상이 민간인이라니…” 그날밤 생각에 눈물 쏟은 1공수여단장 [포착],https://n.news.naver.com/article/081/0003502343?ntype=RANKING
서울신문,수방사령관 “국회 방어·보호 위해 병력 투입”,https://n.news.naver.com/article/081/0003502386?ntype=RANKING
서울신문,"곽종근 “尹, 국회 본회의장 문 부수고 의원들 끄집어내라고 지시”",https://n.news.naver.com/article/081/0003502380?ntype=RANKING
TV조선,"'철제 압축기, 올가미 밧줄' 고문 흔적 그대로…시리아 정치범 수용소 공개",https://n.news.naver.com/article/448/0000494652?ntype=RANKING
TV조선,'대왕고래 497억 삭감' 산업부 내년 예산 11조 확정,https://n.news.naver.com/article/448/0000494684?ntype=RANKING
TV조선,"방첩사 수사단장 ""여인형이 정치인 체포 지시…대상 14명""",https://n.news.naver.com/article/448/0000494685?ntype=RANKING
TV조선,"與의원 사무실에 비방쪽지 붙인 여고생…경찰, 혐의없음 종결",https://n.news.naver.com/article/448/0000494665?ntype=RANKING
TV조선,"특전사령관 ""尹, 문 부수고 의원 끄집어내라 지시""",https://n.news.naver.com/article/448/0000494681?ntype=RANKING
뉴시스,"'차유람 남편' 이지성 ""윤석열 잘했다 남자답다""…엄지척",https://n.news.naver.com/article/003/0012952587?ntype=RANKING
뉴시스,"정부, 야당에 ""고위공직자 연속 탄핵에 정상 국정 어려워…다수당 자제 호소""",https://n.news.naver.com/article/003/0012954192?ntype=RANKING
뉴시스,"""탄핵 표결 참석하라"" 쪽지 붙인 여고생, 수사 의뢰한 국회의원",https://n.news.naver.com/article/003/0012954244?ntype=RANKING
뉴시스,"김흥국 ""'尹퇴진' 왜 연예인에게 악플? 난 그저 가수일 뿐""",https://n.news.naver.com/article/003/0012953875?ntype=RANKING
뉴시스,"특전사령관 ""윤, 의원 끄집어내라 지시…이틀 전 계엄 상황 인지""(종합)",https://n.news.naver.com/article/003/0012954269?ntype=RANKING
MBN,"김상욱 ""영남과 서울 민심 차이 깜짝 놀라…탄핵 찬성""",https://n.news.naver.com/article/057/0001859534?ntype=RANKING
MBN,"""윤석열 잘했다! 남자답다!""…차유람 남편 발언에 누리꾼 반응은?",https://n.news.naver.com/article/057/0001859428?ntype=RANKING
MBN,"말 아꼈던 한동훈 하야 결단 카드 만지작, 이유는",https://n.news.naver.com/article/057/0001859532?ntype=RANKING
MBN,"이재명 대표, 외신에 ""나를 한국의 트럼프라고 부르기도""",https://n.news.naver.com/article/057/0001859537?ntype=RANKING
MBN,빚내서 집 샀더니 문의 끊기고 매물 쌓여…8년 전 데자뷔?,https://n.news.naver.com/article/057/0001859549?ntype=RANKING
한국경제TV,외국인 9천억 샀다…개인은 미국·파킹형 피신,https://n.news.naver.com/article/215/0001191178?ntype=RANKING
한국경제TV,"""대통령 전용기가 왜 뜨지?""…온라인 술렁",https://n.news.naver.com/article/215/0001191111?ntype=RANKING
한국경제TV,"""尹, 2월 또는 3월 하야""…'내란 상설특검' 국회 통과",https://n.news.naver.com/article/215/0001191177?ntype=RANKING
한국경제TV,'세계 도시 경쟁력' 서울 6위…1위는 여기,https://n.news.naver.com/article/215/0001191165?ntype=RANKING
한국경제TV,"삼성 ""2나노는 지지 말자""…TSMC 창업자 ""독주 지속""",https://n.news.naver.com/article/215/0001191180?ntype=RANKING
CJB청주방송,"[속보] 이재명, 2~3월 '尹 퇴진 로드맵'에 ""중대 범죄자를 그때까지…국민 납득할지""",https://n.news.naver.com/article/655/0000022352?ntype=RANKING
CJB청주방송,"특전사령관 ""尹, '국회의원 끄집어내라' 지시... 계엄 관계자들 말 맞췄다""",https://n.news.naver.com/article/655/0000022359?ntype=RANKING
CJB청주방송,[속보] '4.1조 감액' 예산안 본회의 통과… 내년 예산 673.3조 원,https://n.news.naver.com/article/655/0000022357?ntype=RANKING
CJB청주방송,"홍준표, 與 탄핵 찬성파에 ”난파선 생쥐들 혼자 살려고 탈출“",https://n.news.naver.com/article/655/0000022356?ntype=RANKING
CJB청주방송,'내란 상설특검안' 본회의 통과…여당 20여명 찬성,https://n.news.naver.com/article/655/0000022354?ntype=RANKING
강원일보,"국힘 배현진 ""탄핵 표결 들어가겠다…1차 표결 집단 불참, 당의 큰 패착""",https://n.news.naver.com/article/087/0001085129?ntype=RANKING
강원일보,'尹대통령 등 내란혐의자 8명 신속체포 요구' 결의안 채택…계엄사태 내란 진상규명' 상설특검도 가결,https://n.news.naver.com/article/087/0001085212?ntype=RANKING
강원일보,더불어민주당 강릉지역위 ‘권성동 의원 탄핵소추안 찬성’ 촉구,https://n.news.naver.com/article/087/0001085128?ntype=RANKING
강원일보,"尹, '비상계엄 수사' 대비 김홍일 전 방통위원장, 대통령실 출신 변호사 등 수임 타진",https://n.news.naver.com/article/087/0001085321?ntype=RANKING
강원일보,"검찰, 특수본 검사 '내란 음모 尹이 아닌 김용현 주도 취지 질문' 의혹 제기에 ""사실과 다르다"" 반박",https://n.news.naver.com/article/087/0001085186?ntype=RANKING
농민신문,‘야당 단독 감액 예산안’ 국회서 처리…농업예산 약 18조7400억원,https://n.news.naver.com/article/662/0000057986?ntype=RANKING
농민신문,"“치킨·자장면, 단골 야식 메뉴인데”…원산지 속이고 위생 불량",https://n.news.naver.com/article/662/0000057965?ntype=RANKING
농민신문,"마일리지로 제주도 갈까…아시아나항공, 마일리지 좌석 푼다는데 얼마나?",https://n.news.naver.com/article/662/0000057956?ntype=RANKING
농민신문,"누렇게 뜬 얼굴, 간이 아니라 ‘이것’ 때문?",https://n.news.naver.com/article/662/0000057958?ntype=RANKING
농민신문,부르는 게 값?…예비부부 울리는 ‘스드메’ 가격 공개한다,https://n.news.naver.com/article/662/0000057992?ntype=RANKING
부산일보,'친윤' 권성동·4선 김태호 원내대표 입후보… 중립 성향 표심 당락,https://n.news.naver.com/article/082/0001302087?ntype=RANKING
부산일보,"‘내란 수괴’ 혐의 받는 尹, 구속 1호 현직 대통령 되나",https://n.news.naver.com/article/082/0001302084?ntype=RANKING
부산일보,14일 '탄핵' 고조… 윤 대통령 '하야' 결단할까,https://n.news.naver.com/article/082/0001302091?ntype=RANKING
부산일보,부산 서면 집회 6일째… 추위에도 꺾이지 않는 탄핵 목소리,https://n.news.naver.com/article/082/0001301903?ntype=RANKING
부산일보,"방첩사 수사단장 ""여인형, 정치인 등 14명 체포 지시"" 국회 증언",https://n.news.naver.com/article/082/0001302100?ntype=RANKING
매일신문,"이재명, 대장동 재판 출석…계엄 질문엔 답 안 해",https://n.news.naver.com/article/088/0000919786?ntype=RANKING
매일신문,"'김건희 모교' 명일여고에 등장한 대자보 …""부끄럽지 않은 학교를 소망합니다""",https://n.news.naver.com/article/088/0000919968?ntype=RANKING
매일신문,"조국 ""尹, 계엄 실패 뒤 법무·행안장관과 술자리…술만 마셨을까?""",https://n.news.naver.com/article/088/0000919863?ntype=RANKING
매일신문,"초유의 野 단독 4.1조 감액 예산안 통과…與 ""이재명 방탄용이자 국가 마비용""",https://n.news.naver.com/article/088/0000919924?ntype=RANKING
매일신문,"김갑수 ""계엄 사태 목소리 안 낸 임영웅, 한국인 자격 없다"" 비판 논란",https://n.news.naver.com/article/088/0000919974?ntype=RANKING
코리아헤럴드,Prosecutors tighten grip on Kim,https://n.news.naver.com/article/044/0000264298?ntype=RANKING
코리아헤럴드,"Assembly passes reduced budget plan, special counsel",https://n.news.naver.com/article/044/0000264304?ntype=RANKING
코리아헤럴드,Speak or not to speak? K-pop stars face dilemma amid national crisis,https://n.news.naver.com/article/044/0000264294?ntype=RANKING
코리아헤럴드,Korea reaffirms readiness to respond as markets go on wild ride,https://n.news.naver.com/article/044/0000264301?ntype=RANKING
코리아헤럴드,Will ruling party lawmakers change course?,https://n.news.naver.com/article/044/0000264296?ntype=RANKING
SBS Biz,"순식간에 1435원, 유학 보낸 학부모 '비명소리'",https://n.news.naver.com/article/374/0000414846?ntype=RANKING
SBS Biz,'병원부터 한국 망하는 소리'…전공의 씨가 말랐다,https://n.news.naver.com/article/374/0000414856?ntype=RANKING
SBS Biz,김용현·여인형 '서서히 드러나는 준비 정황' (종합),https://n.news.naver.com/article/374/0000414989?ntype=RANKING
SBS Biz,부서장 99% 바꾼 이복현…'디지털·IT' 신설 등 조직 개편,https://n.news.naver.com/article/374/0000414976?ntype=RANKING
SBS Biz,콜라겐이 '암 전이' 촉진한다…종양 악성화 과정 규명,https://n.news.naver.com/article/374/0000414991?ntype=RANKING
채널A,[단독]“법대로 탄핵심판대 오르겠다”,https://n.news.naver.com/article/449/0000293594?ntype=RANKING
채널A,[단독]한동훈 “퇴진 2~3개월 넘기면 국민 미동도 안 해”,https://n.news.naver.com/article/449/0000293592?ntype=RANKING
채널A,"[아는기자]‘사실상 직무정지’ 尹, 거부권 행사 가능?",https://n.news.naver.com/article/449/0000293613?ntype=RANKING
채널A,특전사령관 “비상계엄 이틀 전에 알고 있었다”,https://n.news.naver.com/article/449/0000293607?ntype=RANKING
채널A,“한동훈 징계” 문자에…김민전 “알아보겠다”,https://n.news.naver.com/article/449/0000293600?ntype=RANKING
세계일보,“쉬는 게 너무 좋아”…TV 보고 낮잠만 자던 철수씨에게 엄습한 ‘이것’,https://n.news.naver.com/article/022/0003993100?ntype=RANKING
세계일보,이재명 ‘찬성’에 진성준·조국은 ‘반대’…‘금투세 폐지’ 법안 본회의 통과,https://n.news.naver.com/article/022/0003993318?ntype=RANKING
세계일보,"직무수행 안한다는데… 尹, 월급날 2142만원 받을까?",https://n.news.naver.com/article/022/0003993295?ntype=RANKING
세계일보,‘탄핵 반대→찬성’ 김상욱 외에 ‘또’?… 與 남은 이탈표는,https://n.news.naver.com/article/022/0003993246?ntype=RANKING
세계일보,"여권 ""尹 조기퇴진, 이재명에 정권 상납하는 셈… 불출마 연계해야""",https://n.news.naver.com/article/022/0003993255?ntype=RANKING
뉴스타파,계엄실무편람② 국방장관에게 지휘권 위임? 윤석열의 계엄이 내란인 이유,https://n.news.naver.com/article/607/0000002354?ntype=RANKING
뉴스타파,[KINN]비상계엄 보도에 등장한 ‘충청의 아들 윤’부터 박정희 동상까지,https://n.news.naver.com/article/607/0000002351?ntype=RANKING
뉴스타파,윤석열 최측근 행정관 텔레그램 기록 삭제 정황... 조직적 증거 인멸 의혹,https://n.news.naver.com/article/607/0000002350?ntype=RANKING
뉴스타파,계엄실무편람① 국방장관이 대통령에게 계엄 선포 건의? “불가”,https://n.news.naver.com/article/607/0000002353?ntype=RANKING
뉴스타파,[긴급기고] 당장 '폐기금지제도' 시행해 내란 기록 지켜내야,https://n.news.naver.com/article/607/0000002352?ntype=RANKING
kbc광주방송,"정성호 ""'내란 두목' 윤석열, 감경해도 징역 25년..전두환처럼 흐지부지 처벌 안 돼""[여의도초대석]",https://n.news.naver.com/article/660/0000074819?ntype=RANKING
kbc광주방송,"국힘 창원시의원 ""비상계엄, 헌법 최고 수호자의 직무수행""..""일베스러워"" 반발",https://n.news.naver.com/article/660/0000074841?ntype=RANKING
kbc광주방송,"정성호 ""이재명, 대통령 놀이?..이재명이 계엄 했나, 술 좋아하는 윤석열이 한 일""[여의도초대석]",https://n.news.naver.com/article/660/0000074839?ntype=RANKING
kbc광주방송,"""'尹 탄핵안 보이콧' 국민의힘 해산"" 청원, 하루만 17만 명 돌파",https://n.news.naver.com/article/660/0000074836?ntype=RANKING
kbc광주방송,"""1년 지나면 다 찍어줘"" 윤상현..지역구서 '사퇴 촉구' 빗발",https://n.news.naver.com/article/660/0000074837?ntype=RANKING
경기일보,"""윤석열 비상계엄 잘했다, 남자다워""…'차유람 남편' 이지성, 발언 논란",https://n.news.naver.com/article/666/0000059130?ntype=RANKING
경기일보,속옷 차림으로 호텔서 '마약 파티'…사회지도층 포함 124명 체포,https://n.news.naver.com/article/666/0000059159?ntype=RANKING
경기일보,‘尹 퇴진 이후 대선 로드맵’…한동훈·이재명 ‘수싸움’ 치열,https://n.news.naver.com/article/666/0000059177?ntype=RANKING
경기일보,김병주 “여인형 군인답게 진실 밝히고 죗값 치러라”,https://n.news.naver.com/article/666/0000059112?ntype=RANKING
경기일보,"인천 미추홀구, 재정난 극심에 ‘신청사 건립’ 등 4대 사업 차질",https://n.news.naver.com/article/666/0000059139?ntype=RANKING
강원도민일보,"국민의힘 중진 다수, 차기 원내대표에 권성동 의원 권고",https://n.news.naver.com/article/654/0000096460?ntype=RANKING
강원도민일보,"[속보] 특전사령관 ""尹이 국회 문 부수고 의원들 끌어내라 지시""",https://n.news.naver.com/article/654/0000096513?ntype=RANKING
강원도민일보,"조국 ""尹, 비상계엄 실패 뒤 법무·행안장관과 술 마셨다""",https://n.news.naver.com/article/654/0000096488?ntype=RANKING
강원도민일보,"고려대 재학생, 박정하 의원 사무실에 '탄핵안 표결 동참' 호소 대자보 부착",https://n.news.naver.com/article/654/0000096486?ntype=RANKING
강원도민일보,"민주당 춘천을 ""양구 21사단, 양구군청 시설 점거 위법행위 소명하라""",https://n.news.naver.com/article/654/0000096492?ntype=RANKING
데일리안,"""성난 민심 달래려면 일단 윤석열 내어줘야""…'긴급체포' 시급한 이유 [법조계에 물어보니 581]",https://n.news.naver.com/article/119/0002902444?ntype=RANKING
데일리안,"""윤 대통령, 끝까지 당당하게 처신하시라""",https://n.news.naver.com/article/119/0002902546?ntype=RANKING
데일리안,"특전사령관 ""尹, 전화로 '문 부수고 의원 끄집어내라' 지시""",https://n.news.naver.com/article/119/0002902622?ntype=RANKING
데일리안,[데일리 헬스] 아무리 잠을 자도 피곤함이 6개월 이상 지속한다면...'이 증후군' 의심해야,https://n.news.naver.com/article/119/0002902109?ntype=RANKING
데일리안,"코인원 '무브먼트', 5분 만에 100만원→5500원…투자자 ""기가 막혀""",https://n.news.naver.com/article/119/0002902327?ntype=RANKING
동아사이언스,피부에 좋다는 '콜라겐'의 배신…암 전이 돕는다,https://n.news.naver.com/article/584/0000029935?ntype=RANKING
동아사이언스,"""우주, 기존 예측보다 빠르게 팽창할 수도""",https://n.news.naver.com/article/584/0000029946?ntype=RANKING
동아사이언스,"'처단 쇼크'에 레지던트 지원 8.7% 그쳐…""진짜 의료공백 온다""",https://n.news.naver.com/article/584/0000029940?ntype=RANKING
동아사이언스,천문학자부터 변호사까지…네이처 선정 올해 과학계 빛낸 10대 인물,https://n.news.naver.com/article/584/0000029936?ntype=RANKING
동아사이언스,뇌경색 후유증 치료하는 '줄기세포 치료제' 개발,https://n.news.naver.com/article/584/0000029942?ntype=RANKING
헬스조선,"태국 20대 가수, '이 마사지' 받고 팔다리 마비 후 사망… 얼마나 위험하길래?",https://n.news.naver.com/article/346/0000084486?ntype=RANKING
헬스조선,"“매일 지옥에 있는 기분”… 인형 같은 외모 中 267만 틱톡커 ‘대장암 치료 포기’ 선언, 무슨 사연?",https://n.news.naver.com/article/346/0000084472?ntype=RANKING
헬스조선,"이 잘 닦는데 자꾸 썩고, 세수 암만 해도 안 낫는 여드름… ‘이것’ 많이 먹은 게 원인",https://n.news.naver.com/article/346/0000084479?ntype=RANKING
헬스조선,"미연, 쫀득한 '이 간식' 최애 금방 다 먹어… 알고 보면 충치 주범?",https://n.news.naver.com/article/346/0000084502?ntype=RANKING
헬스조선,“이렇게 먹으니 말랐지” 이솔이가 챙겨 먹는다는 흔한 ‘이 채소’,https://n.news.naver.com/article/346/0000084522?ntype=RANKING
문화일보,“나라보다 당 택했다” “국민 분노가 당으로 전이될 도박”… 외신들 ‘탄핵 표결 무산’ 평가,https://n.news.naver.com/article/021/0002676985?ntype=RANKING
문화일보,"[속보]“대구도 이재명” 차기 대통령 선호 이재명 52.4%, 한동훈 9.8%",https://n.news.naver.com/article/021/0002677186?ntype=RANKING
문화일보,"“이재명, 대통령 되면 큰일” 일본인 66% “한일관계 영향 우려”",https://n.news.naver.com/article/021/0002677241?ntype=RANKING
문화일보,"[속보]특전사령관 “윤 대통령, 문 부수고 의원 끄집어내라고 지시”",https://n.news.naver.com/article/021/0002677234?ntype=RANKING
문화일보,‘제2의 부마항쟁’ 불씨 되살아나나…부산서 윤 대통령 탄핵 촉구 목소리 확산,https://n.news.naver.com/article/021/0002677233?ntype=RANKING
전자신문,비상계엄 해제 '숨은 공로'···국회 표결 시스템 관리 직원들도 그날 담벼락 넘었다,https://n.news.naver.com/article/030/0003266418?ntype=RANKING
전자신문,[탄핵정국]'12·3 尹 내란 상설특검' 가결… 與 소장파도 이탈,https://n.news.naver.com/article/030/0003266373?ntype=RANKING
전자신문,"“슈퍼컴으로 100해년 걸릴 문제, 5분만에 뚝딱”… 구글 개발 신형 양자컴퓨터는",https://n.news.naver.com/article/030/0003266312?ntype=RANKING
전자신문,'계엄 이후 직무 배제'… 尹 대통령 '월급 1400만원' 받나,https://n.news.naver.com/article/030/0003266112?ntype=RANKING
전자신문,"尹, 내란 때 '직접 지시' 내렸다… “문 부수고 들어가 끄집어내라고 했다”",https://n.news.naver.com/article/030/0003266442?ntype=RANKING
머니S,"""홍콩 경마장 난리났다""… 깜짝 등장 'K팝 가수' 누구길래?",https://n.news.naver.com/article/417/0001044263?ntype=RANKING
머니S,"충암고 출신 차인표의 일침… ""공정한 민주국가 되길""",https://n.news.naver.com/article/417/0001044302?ntype=RANKING
머니S,"윤 대통령 내란 상설특검, 본회의 통과… 찬성 210표(상보)",https://n.news.naver.com/article/417/0001044293?ntype=RANKING
머니S,"4.1조원 감액된 내년도 예산안, 국회 통과… 사상 초유",https://n.news.naver.com/article/417/0001044346?ntype=RANKING
머니S,"시위 중 화장실은 여기, 통신 막히면 블루투스 메신저… SNS서 꿀팁 확산",https://n.news.naver.com/article/417/0001044328?ntype=RANKING
오마이뉴스,"유인촌 ""법무부장관·경찰청장 탄핵, 국민 일상에 큰 위험""",https://n.news.naver.com/article/047/0002455741?ntype=RANKING
오마이뉴스,"국회서 우연히 만난 계엄부사령관에 ""누가 정점?"" 물었더니",https://n.news.naver.com/article/047/0002455744?ntype=RANKING
오마이뉴스,"'탄핵' 박근혜·윤석열 배출한 여당, 자진해산도 부족하다",https://n.news.naver.com/article/047/0002455745?ntype=RANKING
오마이뉴스,"[단독] 추경호, 계엄날  광화문 이용원 나온 뒤 어디로? ""6시 50분께 나가""",https://n.news.naver.com/article/047/0002455708?ntype=RANKING
오마이뉴스,"""'국민에 총부리 겨눈 윤석열' 위자료 배상하라""",https://n.news.naver.com/article/047/0002455626?ntype=RANKING
이코노미스트,"‘예견된 폭락’ 리플, 차익 실현 매물 풀리자 하루 새 13% '뚝'",https://n.news.naver.com/article/243/0000069408?ntype=RANKING
이코노미스트,"유인촌 “법무부장관·경찰청장 탄핵, 국민 일상에 큰 위험”",https://n.news.naver.com/article/243/0000069418?ntype=RANKING
이코노미스트,"“韓 성인, 언어·수리·문제해결능력 OECD 평균 이하”",https://n.news.naver.com/article/243/0000069420?ntype=RANKING
이코노미스트,"코스피, ‘금투세 전면 폐지’에 5거래일만 상승...2417 마감",https://n.news.naver.com/article/243/0000069412?ntype=RANKING
이코노미스트,“시국이 이렇다 보니”...역풍 맞을까 몸 사리는 유통가,https://n.news.naver.com/article/243/0000069405?ntype=RANKING
주간경향,"707특임단장 “전 무능하고 무책임한 지휘관, 부대원들은 용서해달라”",https://n.news.naver.com/article/033/0000048059?ntype=RANKING
주간경향,계엄 선포에 정치적 완패…탄핵은 사실상 시간문제,https://n.news.naver.com/article/033/0000048054?ntype=RANKING
주간경향,김상욱 국민의힘 의원 “다음 탄핵표결 때는 찬성하겠다”,https://n.news.naver.com/article/033/0000048062?ntype=RANKING
주간경향,일본에 기회만 주는 윤석열 정부,https://n.news.naver.com/article/033/0000048055?ntype=RANKING
주간경향,"‘윤 탈당’ 싸고 대치하는 친윤·친한, 헤어질 결심?",https://n.news.naver.com/article/033/0000048053?ntype=RANKING
노컷뉴스,"'박정희 다큐' 만든 김흥국, 尹 계엄 묻자 ""용산만이 알고 있겠지요""",https://n.news.naver.com/article/079/0003968602?ntype=RANKING
노컷뉴스,"""뭐요"" ""제가 정치인인가요""…임영웅, DM 논란에 '침묵'만 나흘째",https://n.news.naver.com/article/079/0003969030?ntype=RANKING
노컷뉴스,"'일베 논란' 김이나 '별밤' 사과에도 ""하차하라"" 후폭풍",https://n.news.naver.com/article/079/0003969010?ntype=RANKING
노컷뉴스,"김상욱 ""尹 탄핵 찬성…정치 오래 못해도 부끄럽지 않도록""[이정주의 질문하는기자]",https://n.news.naver.com/article/079/0003969007?ntype=RANKING
노컷뉴스,"보수 유튜버, 친윤 김민전에 문자…국힘 '표결 3인방' 징계 요청",https://n.news.naver.com/article/079/0003968924?ntype=RANKING
미디어오늘,"'시국선언' 발표한 박재홍 CBS앵커 ""거리두기할 사안 아니라고 판단""",https://n.news.naver.com/article/006/0000127528?ntype=RANKING
미디어오늘,"양문석, 한덕수에 ""내란수괴 한덕수 나가!"" 분노의 샤우팅",https://n.news.naver.com/article/006/0000127530?ntype=RANKING
미디어오늘,"특전사령관 결정적 폭로 ""정족수 부족, 빨리 문 부수고 끄집어내라 했다""",https://n.news.naver.com/article/006/0000127527?ntype=RANKING
미디어오늘,'파우치 앵커'에서 '내란범이 임명한 사장'…박장범 KBS 앞날은,https://n.news.naver.com/article/006/0000127526?ntype=RANKING
미디어오늘,"주진우 ""계엄 맞선 뒤 라디오 하차통보""",https://n.news.naver.com/article/006/0000127525?ntype=RANKING
매경이코노미,"윤희숙 “이재명, 계엄보다 더한 짓도 할 인물…대통령 놀이 시작”",https://n.news.naver.com/article/024/0000093526?ntype=RANKING
매경이코노미,"갈팡질팡 與김상욱 “탄핵표결, 다음엔 찬성”",https://n.news.naver.com/article/024/0000093534?ntype=RANKING
매경이코노미,이재명 “어떤 이들은 날 ‘한국의 트럼프’ 같다고 한다”,https://n.news.naver.com/article/024/0000093529?ntype=RANKING
매경이코노미,"국힘, ‘尹 질서있는 퇴진’방안 내놓는다...“탄핵은 불가”고수",https://n.news.naver.com/article/024/0000093528?ntype=RANKING
매경이코노미,국방차관 “안보 위협 시 尹지시 받아야...계엄은 불이행”,https://n.news.naver.com/article/024/0000093531?ntype=RANKING
시사IN,"윤석열 출국금지에서 이상민 ‘행복’ 이임사까지, 상상초월 월요일의 기록",https://n.news.naver.com/article/308/0000035859?ntype=RANKING
시사IN,‘정권 퇴진의 긴 겨울 앞에 서서’ 국민이 외친다 “윤석열은 하야하라“,https://n.news.naver.com/article/308/0000035854?ntype=RANKING
시사IN,국회의사당 상공에 계엄군을 태운 헬기가 떠 있다 [포토IN],https://n.news.naver.com/article/308/0000035856?ntype=RANKING
시사IN,"계엄 선포, ‘근거 없는 괴담’에서 현실이 되기까지",https://n.news.naver.com/article/308/0000035857?ntype=RANKING
시사IN,자동차 권력에 맞서는 광주의 대·자·보 [전국 인사이드],https://n.news.naver.com/article/308/0000035858?ntype=RANKING
주간동아,"공매도 타깃 마이크로스트래티지, 최근 비트코인과 연관성 줄어",https://n.news.naver.com/article/037/0000035415?ntype=RANKING
주간동아,"특수전사령관 “尹, ‘국회 문 부수고 의원들 끄집어내라’ 지시”",https://n.news.naver.com/article/037/0000035419?ntype=RANKING
주간동아,[브랜드의 진수] 하이볼 2000만 캔 대박 낸 ‘술덕후’ 부루구루,https://n.news.naver.com/article/037/0000035418?ntype=RANKING
주간동아,‘비상계엄 상설특검’ 국회 통과… 與 23명 찬성,https://n.news.naver.com/article/037/0000035417?ntype=RANKING
주간동아,현대차그룹 임원인사 키워드는 성과주의·세대교체,https://n.news.naver.com/article/037/0000035416?ntype=RANKING
블로터,"두산, '지배개편' 합병 대수술 포기...'계엄쇼크' 돌발변수",https://n.news.naver.com/article/293/0000061500?ntype=RANKING
블로터,"[어바웃 C]삼성전기 '미래' 찾는 장덕현 사장, 신사업 성과 '숙제'",https://n.news.naver.com/article/293/0000061511?ntype=RANKING
블로터,[격랑의 KT]③'김영섭 표' AICT 청사진 그린 키맨은,https://n.news.naver.com/article/293/0000061513?ntype=RANKING
블로터,"금양, 이차전지 설비 투자 위해 자사주 처분",https://n.news.naver.com/article/293/0000061466?ntype=RANKING
블로터,"'1조원 브랜드'된 이랜드의 뉴발란스, 라이선스 재계약 성사될까",https://n.news.naver.com/article/293/0000061483?ntype=RANKING
전주MBC,"조배숙 의원, 상설특검에도 '반대'표결",https://n.news.naver.com/article/659/0000028119?ntype=RANKING
전주MBC,주민소환 없는 국회의원.. 계엄 사태로 공론화되나,https://n.news.naver.com/article/659/0000028127?ntype=RANKING
전주MBC,"""계엄선포에도 침묵"".. 도내 시민사회단체, 국가인권위원회 역할 질타",https://n.news.naver.com/article/659/0000028121?ntype=RANKING
전주MBC,"""민주주의 회복 절실"".. 한 목소리로 대통령 퇴진 요구하는 종교계",https://n.news.naver.com/article/659/0000028126?ntype=RANKING
전주MBC,"[이슈82] ""방첩사 'B1 벙커'에 조국·이재명 등 잡아 가두려고해""",https://n.news.naver.com/article/659/0000028109?ntype=RANKING
일다,단지 또 하나의 공학이 탄생하는 게 무슨 의미인가?,https://n.news.naver.com/article/007/0000007806?ntype=RANKING
일다,Our Daughter Has Two Moms and It’s Time for Our Family to be Legally Recognized,https://n.news.naver.com/article/007/0000007805?ntype=RANKING
지디넷코리아,"""갤럭시S25·S25 플러스, 전작처럼 엑시노스 칩 탑재""",https://n.news.naver.com/article/092/0002355891?ntype=RANKING
지디넷코리아,테슬라 로고 박힌 스마트폰…이거 진짜?,https://n.news.naver.com/article/092/0002355805?ntype=RANKING
지디넷코리아,로봇이 치킨 튀긴다...프랜차이즈에 부는 ‘푸드테크’ 바람,https://n.news.naver.com/article/092/0002355911?ntype=RANKING
지디넷코리아,내란 혐의 '상설특검' 국회 본회의 통과...찬성 210명,https://n.news.naver.com/article/092/0002355904?ntype=RANKING
지디넷코리아,"中 은행, 채용시 AI 면접 확대…""가상 면접관이 고개도 도 끄덕""",https://n.news.naver.com/article/092/0002355793?ntype=RANKING
디지털데일리,"美 대선후 가상화폐 ‘불장’, 어느 가상자산거래소가 수혜?… 업비트와 빗썸 ‘나눠먹기’",https://n.news.naver.com/article/138/0002187739?ntype=RANKING
디지털데일리,"박장범 KBS 사장 오늘 취임…""국정혼란 속 엄중한 책임""",https://n.news.naver.com/article/138/0002187742?ntype=RANKING
디지털데일리,"[콘텐츠뷰] 조명가게, '형사'를 보면 '강풀 유니버스' 보인다",https://n.news.naver.com/article/138/0002187717?ntype=RANKING
디지털데일리,"대한전선, 스웨덴서 1100억 초고압 전력망 수주",https://n.news.naver.com/article/138/0002187713?ntype=RANKING
디지털데일리,"'뉴욕 지키는 강아지 히어로' 영상, 딱 2문장으로 만든다...오픈AI, '소라' 정식 출시",https://n.news.naver.com/article/138/0002187714?ntype=RANKING
대구MBC,[속보] 박범계 “윤 대통령이 곽종근에게 전화해 의원들 끌어내리라 지시했다”,https://n.news.naver.com/article/657/0000032805?ntype=RANKING
대구MBC,"'내란 동조 말라' 쪽지 붙인 고등학생···경찰, 지문 조회 뒤 ""조사받아라""",https://n.news.naver.com/article/657/0000032791?ntype=RANKING
대구MBC,"국민의힘 김상욱 ""대통령 탄핵에 찬성표 던진다···당내 같은 찬성 의견 있어""",https://n.news.naver.com/article/657/0000032785?ntype=RANKING
대구MBC,"대구시, 2045년까지 신공항 배후 '군위 하늘도시' 조성",https://n.news.naver.com/article/657/0000032796?ntype=RANKING
대구MBC,"정대철 헌정회장 ""비상계엄, 주술가 믿는 대통령의 '한 방 정치'가 불러온 것""",https://n.news.naver.com/article/657/0000032788?ntype=RANKING
더팩트,"'요지부동 정부'...유인촌 ""野 연속 탄핵은 국민 위험""",https://n.news.naver.com/article/629/0000346470?ntype=RANKING
더팩트,금투세 폐지·가상화폐세 유예 확정…불안한 주주 희망될까,https://n.news.naver.com/article/629/0000346404?ntype=RANKING
더팩트,"특전사령관 ""尹, 직접 전화해 국회 문 부수고 의원 끌어내라 지시""",https://n.news.naver.com/article/629/0000346469?ntype=RANKING
더팩트,"특전사령관 ""1일 계엄 인지…민주당사·국회 등 6곳 확보 지시받아""(종합)",https://n.news.naver.com/article/629/0000346476?ntype=RANKING
더팩트,"유인촌 정부호소문 ""다수 야당, 지혜와 자제 보여주길 바라"" [TF사진관]",https://n.news.naver.com/article/629/0000346464?ntype=RANKING
대전일보,"정부 ""장관들 모두 공석되면 국민 일상 위험...야당, 지혜와 자제 보여달라"" 호소",https://n.news.naver.com/article/656/0000114347?ntype=RANKING
대전일보,"황정아 ""김용현, 5일부터 휴대폰 3번 교체…경찰청장도 2회 교체""",https://n.news.naver.com/article/656/0000114320?ntype=RANKING
대전일보,"방첩사 수사단장 ""정치인 등 체포 명단 14명""",https://n.news.naver.com/article/656/0000114343?ntype=RANKING
대전일보,"박범계 ""尹, 특전사령관에 의원들 끌어내라 지시""",https://n.news.naver.com/article/656/0000114334?ntype=RANKING
대전일보,"법무부 ""검찰 특경비·특활비 전액삭감...깊은 우려 표한다""",https://n.news.naver.com/article/656/0000114348?ntype=RANKING
한경비즈니스,"여 중진, 새 원내대표에 권성동 추대…한동훈 ""부적절""",https://n.news.naver.com/article/050/0000083426?ntype=RANKING
한경비즈니스,'내란혐의' 尹에 정신적 손해배상 소송 추진한다…1인당 10만원 위자료,https://n.news.naver.com/article/050/0000083440?ntype=RANKING
한경비즈니스,입사→임원까지 9.7년···대기업 오너 일가의 승진시계는 빨라진다,https://n.news.naver.com/article/050/0000083390?ntype=RANKING
한경비즈니스,"특전사령관 “윤, 문 부수고 국회의원 끌어내라” 지시",https://n.news.naver.com/article/050/0000083451?ntype=RANKING
한경비즈니스,"현대차그룹, 239명 임원 승진 인사…40대 비중 4년전 대비 2배",https://n.news.naver.com/article/050/0000083408?ntype=RANKING
기자협회보,"밤 11시 언론 통제 포고령… 기자·간부들 ""뉴스룸 지키자"" 비상대기",https://n.news.naver.com/article/127/0000036806?ntype=RANKING
기자협회보,"시민들 싸늘한 시선… KBS 기자들 ""내란 공범 될라"" 분노 폭발",https://n.news.naver.com/article/127/0000036797?ntype=RANKING
기자협회보,"기자들 ""난생 처음 본 계엄군, 순간 두려움 느껴""",https://n.news.naver.com/article/127/0000036807?ntype=RANKING
기자협회보,"1980년도 아닌 2024년에… 신문 호외·특별판, 방송은 특보체제",https://n.news.naver.com/article/127/0000036808?ntype=RANKING
기자협회보,"윤석열과 공범들의 내란 사태, 마지막까지 기록할 것이다",https://n.news.naver.com/article/127/0000036809?ntype=RANKING
신동아,최상목 대통령권한대행 현실화 하나,https://n.news.naver.com/article/262/0000017968?ntype=RANKING
신동아,"[긴급 분석] 尹 탄핵 정국, 박근혜 때와 다를까",https://n.news.naver.com/article/262/0000017965?ntype=RANKING
신동아,[영상] 다른 듯 닮은 트로트 듀오 ‘두 자매’ 김희진·윤서령,https://n.news.naver.com/article/262/0000017966?ntype=RANKING
신동아,"군주에게 핍박받던 ‘화폐’, 금융위기 일으키는 폭군 되다",https://n.news.naver.com/article/262/0000017967?ntype=RANKING
신동아,"“2025~2026년 강원 방문의 해, 관광 역사 새롭게 쓸 것”",https://n.news.naver.com/article/262/0000017964?ntype=RANKING
조세일보,금투세 폐지·가상자산 과세 2년 유예 국회 통과…상속증여세법은 부결,https://n.news.naver.com/article/123/0002348520?ntype=RANKING
조세일보,"국힘 원내대표 선거, 권성동·김태호 출마",https://n.news.naver.com/article/123/0002348529?ntype=RANKING
조세일보,"태국 여성 가수, 목 마사지 후 전신 마비로 사망…사인 보니",https://n.news.naver.com/article/123/0002348438?ntype=RANKING
조세일보,헌정 사상 첫 합의없는 예산안... 내년 예산 673.3조원,https://n.news.naver.com/article/123/0002348527?ntype=RANKING
조세일보,‘내란 상설특검안’ 국회 본회의 통과…찬성 210·반대 63·기권 14,https://n.news.naver.com/article/123/0002348510?ntype=RANKING
월간 산,남해 바래길 256km를 1주일간 걷다 [남난희의 느린 산 남해 바래길],https://n.news.naver.com/article/094/0000012295?ntype=RANKING
월간 산,금정산 4대 성문 종주 18km…국내서 가장 긴 등산대회 코스,https://n.news.naver.com/article/094/0000012294?ntype=RANKING
월간 산,"합쳐 3,500살 고찰, 100년 끓인 설렁탕 '제2의 경주'안성을 즐기다 [안성 금북정맥 국가생태문화탐방로 특집]",https://n.news.naver.com/article/094/0000012291?ntype=RANKING
월간 산,"걷는 맛, 보는 맛, 입 맛 3박자를 골고루 갖추다 [안성  금북정맥 국가생태문화탐방로 특집]",https://n.news.naver.com/article/094/0000012292?ntype=RANKING
월간 산,"""60년 전 한라산 오른 순간 잊을 수 없어 여기까지 왔다"" [대한민국 산악상 수상 강태선 블랙야크 회장]",https://n.news.naver.com/article/094/0000012290?ntype=RANKING
여성신문,"동덕여대 총학생회장·사이렌, 언론인 30여명 허위사실 유포로 고소",https://n.news.naver.com/article/310/0000121259?ntype=RANKING
여성신문,"‘사상 최대’ 청소년 5만명 시국선언, ""청소년의 명령…윤석열을 탄핵하라""",https://n.news.naver.com/article/310/0000121250?ntype=RANKING
여성신문,"[세계는 지금] 한국 계엄에 놀란 세계...""실패한 도박""",https://n.news.naver.com/article/310/0000121236?ntype=RANKING
여성신문,‘4.1조 감액’ 내년도 예산안 국회 본회의 통과...673.3조원 확정,https://n.news.naver.com/article/310/0000121260?ntype=RANKING
여성신문,‘선거법 위반’ 김문수 의원 벌금 300만원 구형… 확정되면 당선무효,https://n.news.naver.com/article/310/0000121261?ntype=RANKING
주간조선,"홍준표 ""尹, 박정희가 차지철을 곁에 둔 잘못으로 시해 당했듯...""",https://n.news.naver.com/article/053/0000047249?ntype=RANKING
주간조선,"""친한계 흔들리지 않아"" 한동훈 퇴진설 일축",https://n.news.naver.com/article/053/0000047253?ntype=RANKING
주간조선,"천하람 ""與 의원들 후회해…이번 주 탄핵 8명 이상 투표할 듯""",https://n.news.naver.com/article/053/0000047248?ntype=RANKING
주간조선,대통령 마음 바뀌면 법적 제한 없는 '질서있는 퇴진',https://n.news.naver.com/article/053/0000047254?ntype=RANKING
주간조선,우리 몸에 좋은 단백질이 풍부한 음식 7,https://n.news.naver.com/article/053/0000047251?ntype=RANKING
국제신문,"산업부 '대왕고래' 예산, 내년 497억원 전액 삭감 확정",https://n.news.naver.com/article/658/0000090840?ntype=RANKING
국제신문,"탄핵안 표결 불참했던 부산 與 의원들, 14일에도 버틸까",https://n.news.naver.com/article/658/0000090868?ntype=RANKING
국제신문,탄핵안 가결 가능성 커졌다…尹 수사도 급물살,https://n.news.naver.com/article/658/0000090881?ntype=RANKING
국제신문,부산대병원 전공의 75명 모집에 1명 지원…부산 내년 의료공백 더 암담,https://n.news.naver.com/article/658/0000090836?ntype=RANKING
국제신문,국민의힘 원내대표 권성동 거론에 친한vs친윤 신경전,https://n.news.naver.com/article/658/0000090832?ntype=RANKING
JIBS,"배현진 ""尹 대통령 2차 탄핵안 표결 참여"".. 찬반 여부 관심",https://n.news.naver.com/article/661/0000048009?ntype=RANKING
JIBS,"“비수기 맞아?”.. 제주~중국 직항노선, 겨울철 ‘폭발 성장’  예고",https://n.news.naver.com/article/661/0000048020?ntype=RANKING
JIBS,해외 떠나려던 고액 체납자 집 기습.. 돈다발에 명품 백 '수북',https://n.news.naver.com/article/661/0000048008?ntype=RANKING
JIBS,"""사람 같은데.."" 침몰 금성호 실종자 발견 '가족의 눈'은 달랐다 [영상]",https://n.news.naver.com/article/661/0000048017?ntype=RANKING
JIBS,[자막뉴스] 화물차 대형 타이어 이탈.. CCTV 보니 아찔,https://n.news.naver.com/article/661/0000048019?ntype=RANKING
더스쿠프,"尹 계엄 '쿠데타'로 규정한 세계, 한국을 의심하기 시작했다",https://n.news.naver.com/article/665/0000004138?ntype=RANKING
더스쿠프,황금알 낳던 거위는 어쩌다 천덕꾸러기 됐나 : 면세점 잔혹사,https://n.news.naver.com/article/665/0000004137?ntype=RANKING
더스쿠프,5거래일 만에 상승했지만… 아직은 불안한 '개미들' [오늘의 증시],https://n.news.naver.com/article/665/0000004140?ntype=RANKING
더스쿠프,미혼모가 짊어진 고통의 십자가 [한주를 여는 시],https://n.news.naver.com/article/665/0000004133?ntype=RANKING
더스쿠프,직무정지 되든 말든 '월급' 따박따박 : 대통령은 무노동 유임금,https://n.news.naver.com/article/665/0000004129?ntype=RANKING
레이디경향,"2025년 푸른 뱀의 기운 마셔볼까, 화요·디아블로 ‘청사 에디션’ 출시",https://n.news.naver.com/article/145/0000021474?ntype=RANKING
레이디경향,"독자가 뽑은 올해의 책, 불의에 갈등하는 소시민의 스토리 <이처럼 사소한 것들>",https://n.news.naver.com/article/145/0000021473?ntype=RANKING
레이디경향,‘추운 건 싫어’ 한여름의 크리스마스 보내는 법,https://n.news.naver.com/article/145/0000021471?ntype=RANKING
